<?xml version="1.0" encoding="UTF-8"?>
<beans xmlns="http://www.springframework.org/schema/beans"
  xmlns:xsi="http://www.w3.org/2001/XMLSchema-instance"
  xmlns:context="http://www.springframework.org/schema/context"
  xsi:schemaLocation="http://www.springframework.org/schema/beans 
  http://www.springframework.org/schema/beans/spring-beans.xsd
  http://www.springframework.org/schema/context 
  http://www.springframework.org/schema/context/spring-context.xsd">
   <context:component-scan base-package="com.org.labthird"></context:component-scan>
<context:annotation-config/>
<bean id="employee" class="com.org.labthird.Employee">
 <property name="employeelist">
 <list>
 <value>Employee Id=20</value>
 <value>Employee Name= Aryan</value>
 <value>Employee salary=28000</value>
 <value>Employee Age=21</value>
 </list>
 </property>
</bean> 
</beans>


