<?xml version="1.0" encoding="UTF-8"?>
<beans xmlns="http://www.springframework.org/schema/beans"
  xmlns:xsi="http://www.w3.org/2001/XMLSchema-instance"
  xmlns:context="http://www.springframework.org/schema/context"
  xsi:schemaLocation="http://www.springframework.org/schema/beans 
  http://www.springframework.org/schema/beans/spring-beans.xsd
  http://www.springframework.org/schema/context 
  http://www.springframework.org/schema/context/spring-context.xsd">
   <context:component-scan base-package="com.org.labfirst"></context:component-scan>
<context:annotation-config/> 

 <bean id="employee" class="com.org.labfirst.Employee">
    <constructor-arg  value="20"/>
    <constructor-arg value="Aryan"/>
    <constructor-arg value="10000000"/>
    <constructor-arg value="21"/>
    <constructor-arg value="PES-BU"/>
</bean>
 
  </beans>