<?xml version="1.0" encoding="UTF-8"?>

  <beans xmlns="http://www.springframework.org/schema/beans"
  xmlns:xsi="http://www.w3.org/2001/XMLSchema-instance"
  xmlns:context="http://www.springframework.org/schema/context"
  xsi:schemaLocation="http://www.springframework.org/schema/beans 
  http://www.springframework.org/schema/beans/spring-beans.xsd
  http://www.springframework.org/schema/context 
  http://www.springframework.org/schema/context/spring-context.xsd">
  
 <context:component-scan base-package="com.org.lab2nd"></context:component-scan>
<context:annotation-config/> 

 <bean id="employee" class="com.org.lab2nd.Employee">
    <constructor-arg  value="12"/>
    <constructor-arg value="Akshita"/>
    <constructor-arg value="100000.0"/>
    <constructor-arg value="22"/>
</bean>
 
<bean id="sbu" class="com.org.lab2nd.SBU">
    <constructor-arg value="12"/>
    <constructor-arg value="manager"/>
    <constructor-arg value="Bajpai"/>
   <!--  <constructor-arg ref="address"/> -->
</bean>
 

   

</beans>